uid,domainID,siteID,namedLocation,startDate,laboratoryName,saltSampleID,sampleCode,analyte,finalConcentration,saltBelowDetectionQF,analysisDate,analyzedBy,sampleCondition,analyticalReplicateTCR,remarks,saltCheckStandardQF
"b48b3721-dfc3-410b-a61e-7e91dfc5227d","D14","SYCA","SYCA","2022-03-10T13:20Z","Aquatic Biogeochemistry Lab at Utah State University","SYCA.00.20220310.TCR","A00000096821","bromide",12927.000,0,"2022-04-22T18:00Z","LIkHXDtHFXY=","OK",,,1
"eb969acd-b7f3-4a1e-981d-fd540c1ff215","D14","SYCA","SYCA.AOS.reaeration.station.01","2022-03-10T13:20Z","Aquatic Biogeochemistry Lab at Utah State University","SYCA.05.20220310.TCR","A00000096800","bromide",0.516,0,"2022-04-22T18:00Z","LIkHXDtHFXY=","OK",,,1
"2363305d-85eb-4509-b5b9-f4f57164e754","D14","SYCA","SYCA.AOS.reaeration.station.04","2022-03-10T13:20Z","Aquatic Biogeochemistry Lab at Utah State University","SYCA.20.20220310.TCR","A00000096809","bromide",0.495,0,"2022-04-22T18:00Z","LIkHXDtHFXY=","OK",,,1
"60270b45-c7e3-43b0-bf8f-2cda49c2d75a","D14","SYCA","SYCA.AOS.reaeration.station.01","2022-03-10T13:20Z","Aquatic Biogeochemistry Lab at Utah State University","SYCA.04.20220310.TCR","A00000096801","bromide",0.546,0,"2022-04-22T18:00Z","LIkHXDtHFXY=","OK",,,1
"1c9574a6-eaf8-4cb0-9ae0-3e223136389b","D14","SYCA","SYCA.AOS.reaeration.station.01","2022-03-10T13:20Z","Aquatic Biogeochemistry Lab at Utah State University","SYCA.03.20220310.TCR","A00000096799","bromide",0.531,0,"2022-04-22T18:00Z","LIkHXDtHFXY=","OK",,,1
"ef533ae7-7b7f-4663-9b0e-e669833a602b","D14","SYCA","SYCA.AOS.reaeration.station.03","2022-03-10T13:20Z","Aquatic Biogeochemistry Lab at Utah State University","SYCA.11.20220310.TCR","A00000096807","bromide",0.545,0,"2022-04-22T18:00Z","LIkHXDtHFXY=","OK",,,1
"83661c1e-f2bc-4716-a51f-e4474923f9dc","D14","SYCA","SYCA.AOS.reaeration.station.04","2022-03-10T13:20Z","Aquatic Biogeochemistry Lab at Utah State University","SYCA.16.20220310.TCR","A00000096816","bromide",0.468,0,"2022-04-22T18:00Z","LIkHXDtHFXY=","OK",,,1
"b07394bf-7d52-4dda-b225-e950f850ff4a","D14","SYCA","SYCA.AOS.reaeration.station.02","2022-03-10T13:20Z","Aquatic Biogeochemistry Lab at Utah State University","SYCA.08.20220310.TCR","A00000096804","bromide",0.514,0,"2022-04-22T18:00Z","LIkHXDtHFXY=","OK",,,1
"07b1a950-29e4-497c-99b2-17d25fa42395","D14","SYCA","SYCA.AOS.reaeration.station.03","2022-03-10T13:20Z","Aquatic Biogeochemistry Lab at Utah State University","SYCA.14.20220310.TCR","A00000096812","bromide",0.504,0,"2022-04-22T18:00Z","LIkHXDtHFXY=","OK",,,1
"8b4c9d5d-fd43-43e1-800a-d78100231480","D14","SYCA","SYCA.AOS.reaeration.station.02","2022-03-10T13:20Z","Aquatic Biogeochemistry Lab at Utah State University","SYCA.06.20220310.TCR","A00000096802","bromide",0.505,0,"2022-04-22T18:00Z","LIkHXDtHFXY=","OK",,,1
"1e3f88ee-026d-42f5-b146-7ce068273eab","D14","SYCA","SYCA.AOS.reaeration.station.01","2022-03-10T13:20Z","Aquatic Biogeochemistry Lab at Utah State University","SYCA.B1.20220310.TCR","A00000096820","bromide",0.023,0,"2022-04-22T18:00Z","LIkHXDtHFXY=","OK",,,1
"45fb43db-35cf-4f94-8fdb-0ad8daa4d859","D14","SYCA","SYCA.AOS.reaeration.station.02","2022-03-10T13:20Z","Aquatic Biogeochemistry Lab at Utah State University","SYCA.09.20220310.TCR","A00000096805","bromide",0.537,0,"2022-04-22T18:00Z","LIkHXDtHFXY=","OK",,,1
"932642f0-fdb8-4a0e-aac6-7c214cb7529e","D14","SYCA","SYCA.AOS.reaeration.station.02","2022-03-10T13:20Z","Aquatic Biogeochemistry Lab at Utah State University","SYCA.B2.20220310.TCR","A00000096819","bromide",0.023,0,"2022-04-22T18:00Z","LIkHXDtHFXY=","OK",,,1
"ea13dbf1-3f23-4f15-9fdb-f3013ac44a8e","D14","SYCA","SYCA.AOS.reaeration.station.03","2022-03-10T13:20Z","Aquatic Biogeochemistry Lab at Utah State University","SYCA.12.20220310.TCR","A00000096808","bromide",0.499,0,"2022-04-22T18:00Z","LIkHXDtHFXY=","OK",0.498,,1
"bb5a61cd-6d20-4cc5-8a19-8fbaa8502d0d","D14","SYCA","SYCA.AOS.reaeration.station.01","2022-03-10T13:20Z","Aquatic Biogeochemistry Lab at Utah State University","SYCA.01.20220310.TCR","A00000096797","bromide",0.515,0,"2022-04-22T18:00Z","LIkHXDtHFXY=","OK",,,1
"3ce29cfa-8c46-47e2-ad4d-4c0b0599e576","D14","SYCA","SYCA.AOS.reaeration.station.02","2022-03-10T13:20Z","Aquatic Biogeochemistry Lab at Utah State University","SYCA.07.20220310.TCR","A00000096803","bromide",0.505,0,"2022-04-22T18:00Z","LIkHXDtHFXY=","OK",,,1
"423386ad-1266-44ee-8d62-f1e02dd04188","D14","SYCA","SYCA.AOS.reaeration.station.03","2022-03-10T13:20Z","Aquatic Biogeochemistry Lab at Utah State University","SYCA.13.20220310.TCR","A00000096810","bromide",0.510,0,"2022-04-22T18:00Z","LIkHXDtHFXY=","OK",,,1
"7d420035-030b-43dd-a9a7-fbc514a6fd4b","D14","SYCA","SYCA.AOS.reaeration.station.04","2022-03-10T13:20Z","Aquatic Biogeochemistry Lab at Utah State University","SYCA.B4.20220310.TCR","A00000096817","bromide",0.023,0,"2022-04-22T18:00Z","LIkHXDtHFXY=","OK",,,1
"7de79d3b-a464-41cd-9d65-4e6abaa85eae","D14","SYCA","SYCA.AOS.reaeration.station.04","2022-03-10T13:20Z","Aquatic Biogeochemistry Lab at Utah State University","SYCA.19.20220310.TCR","A00000096814","bromide",0.507,0,"2022-04-22T18:00Z","LIkHXDtHFXY=","OK",,,1
"784baf24-22b6-45f5-84c9-c3bef961b0af","D14","SYCA","SYCA.AOS.reaeration.station.02","2022-03-10T13:20Z","Aquatic Biogeochemistry Lab at Utah State University","SYCA.10.20220310.TCR","A00000096806","bromide",0.516,0,"2022-04-22T18:00Z","LIkHXDtHFXY=","OK",,,1
"a21f5708-a4f6-48c0-a0c4-49b2307e7ced","D14","SYCA","SYCA.AOS.reaeration.station.03","2022-03-10T13:20Z","Aquatic Biogeochemistry Lab at Utah State University","SYCA.B3.20220310.TCR","A00000096818","bromide",0.026,0,"2022-04-22T18:00Z","LIkHXDtHFXY=","OK",,,1
"d2c18094-2f63-464b-9edb-5c279503bd47","D14","SYCA","SYCA.AOS.reaeration.station.04","2022-03-10T13:20Z","Aquatic Biogeochemistry Lab at Utah State University","SYCA.17.20220310.TCR","A00000096815","bromide",0.461,0,"2022-04-22T18:00Z","LIkHXDtHFXY=","OK",,,1
"4a383d9c-8f47-437d-b660-5e4ef08ff0ab","D14","SYCA","SYCA.AOS.reaeration.station.01","2022-03-10T13:20Z","Aquatic Biogeochemistry Lab at Utah State University","SYCA.02.20220310.TCR","A00000096798","bromide",0.483,0,"2022-04-22T18:00Z","LIkHXDtHFXY=","OK",0.493,,1
"52a250ef-458d-4af7-9448-9e958edbb17e","D14","SYCA","SYCA.AOS.reaeration.station.04","2022-03-10T13:20Z","Aquatic Biogeochemistry Lab at Utah State University","SYCA.18.20220310.TCR","A00000096811","bromide",0.465,0,"2022-04-22T18:00Z","LIkHXDtHFXY=","OK",,,1
"714a5bb0-8fb0-4f87-98d8-04e4047438b3","D14","SYCA","SYCA.AOS.reaeration.station.03","2022-03-10T13:20Z","Aquatic Biogeochemistry Lab at Utah State University","SYCA.15.20220310.TCR","A00000096813","bromide",0.526,0,"2022-04-22T18:00Z","LIkHXDtHFXY=","OK",,,1
