uid,domainID,siteID,namedLocation,collectDate,identifiedDate,sampleID,sampleCode,slideID,acceptedTaxonID,targetTaxaPresent,scientificName,morphospeciesID,taxonRank,phylum,subphylum,class,subclass,infraclass,superorder,order,suborder,infraorder,superfamily,family,subfamily,tribe,subtribe,genus,specificEpithet,infraspecificEpithet,invertebrateLifeStage,sizeClass,sizeCategory,individualCount,subsamplePercent,estimatedTotalCount,immatureSpecimen,indeterminateSpecies,taxonRankQualifier,sampleCondition,distinctTaxon,identificationQualifier,identificationReferences,qcChecked,laboratoryName,identifiedBy,identificationRemarks,identificationHistoryID,dataQF
"58345df8-b1e5-4653-bb25-626d3e6f6767","D09","PRPO","PRPO.AOS.riparian.point.10","2019-05-02T13:48Z","2019-07-30","PRPO.20190502.BENTHICSWEEP.10","A00000084806",,"NEMSP","Y","Nematoda sp.",,"phylum","Nematoda",,,,,,,,,,,,,,,"sp.",,"unknown",1,,2,100,2,"N","N",,"condition OK","Y",,"Thorp and Rogers 2016","N","Rhithron Associates, Inc.","J. Webb",,,
"214e8c53-b6ed-4437-a99f-4fe74d0b08b1","D09","PRPO","PRPO.AOS.riparian.point.06","2019-05-02T13:48Z","2019-07-30","PRPO.20190502.BENTHICSWEEP.6","A00000084821",,"GAMSP3","Y","Gammarus sp.",,"genus","Arthropoda","Crustacea","Malacostraca","Eumalacostraca",,"Peracarida","Amphipoda","Gammaridea",,,"Gammaridae",,,,"Gammarus","sp.",,"unknown",11,,1,100,1,"N","N",,"condition OK","Y",,"Thorp and Rogers 2016","N","Rhithron Associates, Inc.","J. Webb",,,
"6db38dac-dbd9-4040-b329-43a45cc2fd04","D09","PRPO","PRPO.AOS.littoral1","2019-05-02T13:48Z","2019-07-30","PRPO.20190502.PONAR.1","A00000084731",,"PIOSP","Y","Pionidae sp.",,"family","Arthropoda","Chelicerata","Arachnida","Acari",,"Acariformes","Trombidiformes","Prostigmata",,"Hygrobatoidea","Pionidae",,,,,"sp.",,"larva",1,,1,100,1,"N","N",,"condition OK","Y",,"Thorp and Rogers 2016","N","Rhithron Associates, Inc.","B. Moore",,,
"4825f5cd-f303-46dd-9418-6c8f3dfd7a06","D09","PRPO","PRPO.AOS.littoral1","2019-05-02T13:48Z","2019-07-30","PRPO.20190502.PONAR.1","A00000084731",,"CLASP6","Y","Cladotanytarsus sp.",,"genus","Arthropoda","Hexapoda","Insecta","Pterygota","Neoptera","Holometabola","Diptera","Nematocera","Culicomorpha",,"Chironomidae","Chironominae","Tanytarsini",,"Cladotanytarsus","sp.",,"larva",1,,3,100,3,"N","N",,"condition OK","Y",,"Weiderholm, 1983; Weiderholm, 1986; Epler 2001; Ferrington et al. 2019; Andersen, Cranston and Epler 2013","N","Rhithron Associates, Inc.","A. Fasbender",,,
"d074873a-40c9-4efb-91c1-ad770d1ce418","D09","PRPO","PRPO.AOS.riparian.point.06","2019-05-02T13:48Z","2019-07-30","PRPO.20190502.BENTHICSWEEP.6","A00000084821",,"SIGSP2","Y","Sigara sp.",,"genus","Arthropoda","Hexapoda","Insecta","Pterygota","Neoptera","Paraneoptera","Hemiptera","Heteroptera","Nepomorpha","Corixoidea","Corixidae","Corixinae",,,"Sigara","sp.",,"adult",7,,1,100,1,"N","N",,"condition OK","Y",,"Merritt et al. 2019","N","Rhithron Associates, Inc.","J. Webb","Reference Collection(1)",,
"a6a0884a-9594-438a-a3fd-f7c44df50b7d","D09","PRPO","PRPO.AOS.littoral1","2019-05-02T13:48Z","2019-07-30","PRPO.20190502.PONAR.1","A00000084731",,"POLHAL","Y","Polypedilum halterale gr.",,"speciesGroup","Arthropoda","Hexapoda","Insecta","Pterygota","Neoptera","Holometabola","Diptera","Nematocera","Culicomorpha",,"Chironomidae","Chironominae","Chironomini",,"Polypedilum","halterale gr.",,"larva",3,,1,100,1,"N","N",,"condition OK","Y",,"Weiderholm, 1983; Weiderholm, 1986; Epler 2001; Ferrington et al. 2008; Andersen, Cranston and Epler 2016","N","Rhithron Associates, Inc.","A. Fasbender",,,
"7675ea02-f8de-43dd-b076-94f0e2ada803","D09","PRPO","PRPO.AOS.buoy.c0","2019-05-02T13:48Z","2019-07-30","PRPO.20190502.PONAR.3","A00000084744",,"CHISP8","Y","Chironomus sp.",,"genus","Arthropoda","Hexapoda","Insecta","Pterygota","Neoptera","Holometabola","Diptera","Nematocera","Culicomorpha",,"Chironomidae","Chironominae","Chironomini",,"Chironomus","sp.",,"larva",13,,3,100,3,"N","N",,"condition OK","Y",,"Weiderholm, 1983; Weiderholm, 1986; Epler 2001; Ferrington et al. 2019; Andersen, Cranston and Epler 2013","N","Rhithron Associates, Inc.","A. Fasbender",,,
"583d19c9-717c-40ee-8fcb-eff01b08484f","D09","PRPO","PRPO.AOS.littoral2","2019-05-02T13:48Z","2019-07-30","PRPO.20190502.PONAR.2","A00000084729",,"CLASP6","Y","Cladotanytarsus sp.",,"genus","Arthropoda","Hexapoda","Insecta","Pterygota","Neoptera","Holometabola","Diptera","Nematocera","Culicomorpha",,"Chironomidae","Chironominae","Tanytarsini",,"Cladotanytarsus","sp.",,"larva",3,,48,23,209,"N","N",,"condition OK","Y",,"Weiderholm, 1983; Weiderholm, 1986; Epler 2001; Ferrington et al. 2019; Andersen, Cranston and Epler 2013","N","Rhithron Associates, Inc.","A. Fasbender",,,
"dfdac2da-6236-4e48-acea-973b7384e007","D09","PRPO","PRPO.AOS.riparian.point.06","2019-05-02T13:48Z","2019-07-30","PRPO.20190502.BENTHICSWEEP.6","A00000084821",,"OSTSP","Y","Ostracoda sp.",,"class","Arthropoda","Crustacea","Ostracoda",,,,,,,,,,,,,"sp.",,"unknown",1,,18,100,18,"N","N",,"condition OK","Y",,"Thorp and Rogers 2016","N","Rhithron Associates, Inc.","J. Webb",,,
"5522b13b-3a00-463e-9253-b6bdc8e15e71","D09","PRPO","PRPO.AOS.riparian.point.06","2019-05-02T13:48Z","2019-07-30","PRPO.20190502.BENTHICSWEEP.6","A00000084821",,"CLASP6","Y","Cladotanytarsus sp.",,"genus","Arthropoda","Hexapoda","Insecta","Pterygota","Neoptera","Holometabola","Diptera","Nematocera","Culicomorpha",,"Chironomidae","Chironominae","Tanytarsini",,"Cladotanytarsus","sp.",,"larva",3,,1,100,1,"N","N",,"condition OK","Y",,"Weiderholm, 1983; Weiderholm, 1986; Epler 2001; Ferrington et al. 2019; Andersen, Cranston and Epler 2013","N","Rhithron Associates, Inc.","R. Spring",,,
"63c6e5bc-24be-4950-9170-8348873ca70a","D09","PRPO","PRPO.AOS.littoral2","2019-05-02T13:48Z","2019-07-30","PRPO.20190502.PONAR.2","A00000084729",,"CLASP6","Y","Cladotanytarsus sp.",,"genus","Arthropoda","Hexapoda","Insecta","Pterygota","Neoptera","Holometabola","Diptera","Nematocera","Culicomorpha",,"Chironomidae","Chironominae","Tanytarsini",,"Cladotanytarsus","sp.",,"larva",2,,186,23,809,"N","N",,"condition OK","Y",,"Weiderholm, 1983; Weiderholm, 1986; Epler 2001; Ferrington et al. 2019; Andersen, Cranston and Epler 2013","N","Rhithron Associates, Inc.","A. Fasbender",,,
"1474d256-3be2-4dd3-8aab-8dbd7f34cdc8","D09","PRPO","PRPO.AOS.littoral2","2019-05-02T13:48Z","2019-07-30","PRPO.20190502.PONAR.2","A00000084729",,"CRYSP3","Y","Cryptotendipes sp.",,"genus","Arthropoda","Hexapoda","Insecta","Pterygota","Neoptera","Holometabola","Diptera","Nematocera","Culicomorpha",,"Chironomidae","Chironominae","Chironomini",,"Cryptotendipes","sp.",,"larva",3,,2,23,9,"N","N",,"condition OK","Y",,"Weiderholm, 1983; Weiderholm, 1986; Epler 2001; Ferrington et al. 2019; Andersen, Cranston and Epler 2013","N","Rhithron Associates, Inc.","A. Fasbender",,,
"9e094e8b-607f-4c48-adc5-eba898ad976c","D09","PRPO","PRPO.AOS.littoral1","2019-05-02T13:48Z","2019-07-30","PRPO.20190502.PONAR.1","A00000084731","BA19NEOMLR01014O3|BA19NEOMLR01014O1|BA19NEOMLR01014O2","ENCSP1","Y","Enchytraeidae sp.",,"family","Annelida","Clitellata","Oligochaeta","Oligochaeta",,,"Enchytraeida",,,,"Enchytraeidae",,,,,"sp.",,"unknown",2,,1,100,1,"N","N",,"condition OK","Y",,"Kathman and Brinkhurst, 1999","N","Rhithron Associates, Inc.","J. Webb",,,
"b4abe3f6-1838-4c3a-aca8-a444e31f3209","D09","PRPO","PRPO.AOS.littoral2","2019-05-02T13:48Z","2019-07-30","PRPO.20190502.PONAR.2","A00000084729",,"CRYSP2","Y","Cryptochironomus sp.",,"genus","Arthropoda","Hexapoda","Insecta","Pterygota","Neoptera","Holometabola","Diptera","Nematocera","Culicomorpha",,"Chironomidae","Chironominae","Chironomini",,"Cryptochironomus","sp.",,"larva",4,,1,23,4,"N","N",,"condition OK","Y",,"Weiderholm, 1983; Weiderholm, 1986; Epler 2001; Ferrington et al. 2019; Andersen, Cranston and Epler 2013","N","Rhithron Associates, Inc.","A. Fasbender",,,
"e652feb1-d500-450e-a148-2a9c9e68b400","D09","PRPO","PRPO.AOS.littoral1","2019-05-02T13:48Z","2019-07-30","PRPO.20190502.PONAR.1","A00000084731","BA19NEOMLR01014O3|BA19NEOMLR01014O1|BA19NEOMLR01014O2","NAISP","Y","Naididae sp.",,"family","Annelida","Clitellata","Oligochaeta","Oligochaeta",,,"Tubificida",,,,"Naididae",,,,,"sp.",,"immature",6,,6,100,6,"Y","N",,"condition OK","N",,"Kathman and Brinkhurst, 1999","N","Rhithron Associates, Inc.","J. Webb","w/o hc",,
"d8c5e01d-f193-4096-9ff9-b8ff6f50eca8","D09","PRPO","PRPO.AOS.riparian.point.05","2019-05-02T13:48Z","2019-07-30","PRPO.20190502.BENTHICSWEEP.5","A00000084803",,"CRISP2","Y","Cricotopus sp.",,"genus","Arthropoda","Hexapoda","Insecta","Pterygota","Neoptera","Holometabola","Diptera","Nematocera","Culicomorpha",,"Chironomidae","Orthocladiinae",,,"Cricotopus","sp.",,"larva",4,,1,100,1,"N","N",,"condition OK","Y",,"Weiderholm, 1983; Weiderholm, 1986; Epler 2001; Ferrington et al. 2019; Andersen, Cranston and Epler 2013","N","Rhithron Associates, Inc.","R. Spring","iso",,
"fec4190d-7ccf-47c4-9cd3-396e1582d5c5","D09","PRPO","PRPO.AOS.riparian.point.10","2019-05-02T13:48Z","2019-07-30","PRPO.20190502.BENTHICSWEEP.10","A00000084806",,"DASSP2","Y","Dasyhelea sp.",,"genus","Arthropoda","Hexapoda","Insecta","Pterygota","Neoptera","Holometabola","Diptera","Nematocera","Culicomorpha",,"Ceratopogonidae","Dasyheleinae",,,"Dasyhelea","sp.",,"larva",1,,1,100,1,"N","N",,"condition OK","Y",,"Merritt et al. 2019","N","Rhithron Associates, Inc.","J. Webb",,,
"d20c596f-dc9e-45dc-9a2e-d729091f9d1e","D09","PRPO","PRPO.AOS.buoy.c0","2019-05-02T13:48Z","2019-07-31","PRPO.20190502.PONAR.3","A00000084744",,"OSTSP","Y","Ostracoda sp.",,"class","Arthropoda","Crustacea","Ostracoda",,,,,,,,,,,,,"sp.",,"unknown",1,,7,100,7,"N","N",,"condition OK","Y",,"Thorp and Rogers 2016","N","Rhithron Associates, Inc.","J. Webb",,,
"d00b1a01-e57f-4d19-b599-73e5db0c91db","D09","PRPO","PRPO.AOS.littoral1","2019-05-02T13:48Z","2019-07-30","PRPO.20190502.PONAR.1","A00000084731",,"HYASP2","Y","Hyalella sp.",,"genus","Arthropoda","Crustacea","Malacostraca","Eumalacostraca",,"Peracarida","Amphipoda","Gammaridea",,,"Hyalellidae",,,,"Hyalella","sp.",,"unknown",6,,1,100,1,"N","N",,"condition OK","Y",,"Thorp and Rogers 2016","N","Rhithron Associates, Inc.","B. Moore",,,
"e3ef576f-70b8-4d35-8de6-092aa0a2d80d","D09","PRPO","PRPO.AOS.littoral2","2019-05-02T13:48Z","2019-07-30","PRPO.20190502.PONAR.2","A00000084729",,"OSTSP","Y","Ostracoda sp.",,"class","Arthropoda","Crustacea","Ostracoda",,,,,,,,,,,,,"sp.",,"unknown",1,,23,23,100,"N","N",,"condition OK","Y",,"Thorp and Rogers 2016","N","Rhithron Associates, Inc.","B. Moore",,,
"e0fc4e68-2dcc-4557-ba44-3698f592e474","D09","PRPO","PRPO.AOS.littoral1","2019-05-02T13:48Z","2019-07-30","PRPO.20190502.PONAR.1","A00000084731",,"TANSP10","Y","Tanypus sp.",,"genus","Arthropoda","Hexapoda","Insecta","Pterygota","Neoptera","Holometabola","Diptera","Nematocera","Culicomorpha",,"Chironomidae","Tanypodinae","Tanypodini",,"Tanypus","sp.",,"larva",2,,25,100,25,"N","N",,"condition OK","Y",,"Weiderholm, 1983; Weiderholm, 1986; Epler 2001; Ferrington et al. 2019; Andersen, Cranston and Epler 2013","N","Rhithron Associates, Inc.","A. Fasbender","Reference Collection(1)",,
"6cc9d3a5-df2d-4cee-b96c-a4920b8a5173","D09","PRPO","PRPO.AOS.buoy.c0","2019-05-02T13:48Z","2019-07-30","PRPO.20190502.PONAR.3","A00000084744","BA19NEOMLR01016O1","ENCSP1","Y","Enchytraeidae sp.",,"family","Annelida","Clitellata","Oligochaeta","Oligochaeta",,,"Enchytraeida",,,,"Enchytraeidae",,,,,"sp.",,"unknown",3,,1,100,1,"N","N",,"condition OK","Y",,"Kathman and Brinkhurst, 1999","N","Rhithron Associates, Inc.","J. Webb",,,
"6544dc24-831d-4358-8710-a34b947fbb7c","D09","PRPO","PRPO.AOS.littoral1","2019-05-02T13:48Z","2019-07-30","PRPO.20190502.PONAR.1","A00000084731",,"CLASP5","Y","Cladopelma sp.",,"genus","Arthropoda","Hexapoda","Insecta","Pterygota","Neoptera","Holometabola","Diptera","Nematocera","Culicomorpha",,"Chironomidae","Chironominae","Chironomini",,"Cladopelma","sp.",,"larva",3,,88,100,88,"N","N",,"condition OK","Y",,"Weiderholm, 1983; Weiderholm, 1986; Epler 2001; Ferrington et al. 2019; Andersen, Cranston and Epler 2013","N","Rhithron Associates, Inc.","A. Fasbender","Reference Collection(1)",,
"475c768e-16b1-48bc-a202-cee222ce4495","D09","PRPO","PRPO.AOS.littoral1","2019-05-02T13:48Z","2019-07-30","PRPO.20190502.PONAR.1","A00000084731","BA19NEOMLR01014O3|BA19NEOMLR01014O1|BA19NEOMLR01014O2","NAISP","Y","Naididae sp.",,"family","Annelida","Clitellata","Oligochaeta","Oligochaeta",,,"Tubificida",,,,"Naididae",,,,,"sp.",,"immature",12,,1,100,1,"Y","N",,"condition OK","N",,"Kathman and Brinkhurst, 1999","N","Rhithron Associates, Inc.","J. Webb","w/o hc",,
"17e77235-fc40-4d21-91c6-28331359c61c","D09","PRPO","PRPO.AOS.littoral1","2019-05-02T13:48Z","2019-07-30","PRPO.20190502.PONAR.1","A00000084731",,"CLASP5","Y","Cladopelma sp.",,"genus","Arthropoda","Hexapoda","Insecta","Pterygota","Neoptera","Holometabola","Diptera","Nematocera","Culicomorpha",,"Chironomidae","Chironominae","Chironomini",,"Cladopelma","sp.",,"larva",2,,9,100,9,"N","N",,"condition OK","Y",,"Weiderholm, 1983; Weiderholm, 1986; Epler 2001; Ferrington et al. 2019; Andersen, Cranston and Epler 2013","N","Rhithron Associates, Inc.","A. Fasbender","Reference Collection(1)",,
"00045f0b-6e0f-4fef-b261-f1362adbfc05","D09","PRPO","PRPO.AOS.riparian.point.05","2019-05-02T13:48Z","2019-07-30","PRPO.20190502.BENTHICSWEEP.5","A00000084803",,"ALLSP14","Y","Allocladius sp.",,"genus","Arthropoda",,"Insecta",,,,"Diptera",,,,"Chironomidae",,,,"Allocladius","sp.",,"larva",2,,1,100,1,"N","N",,"condition OK","Y",,"Weiderholm, 1983; Weiderholm, 1986; Epler 2001; Ferrington et al. 2008; Andersen, Cranston and Epler 2013","N","Rhithron Associates, Inc.","R. Spring",,,
"7926f127-6bdc-4886-ac57-57b91e99a845","D09","PRPO","PRPO.AOS.littoral1","2019-05-02T13:48Z","2019-07-30","PRPO.20190502.PONAR.1","A00000084731",,"HYASP2","Y","Hyalella sp.",,"genus","Arthropoda","Crustacea","Malacostraca","Eumalacostraca",,"Peracarida","Amphipoda","Gammaridea",,,"Hyalellidae",,,,"Hyalella","sp.",,"unknown",4,,1,100,1,"N","N",,"condition OK","Y",,"Thorp and Rogers 2016","N","Rhithron Associates, Inc.","B. Moore",,,
"af84ab42-f2ff-4b8c-9c41-de4ba4aebd77","D09","PRPO","PRPO.AOS.riparian.point.10","2019-05-02T13:48Z","2019-07-30","PRPO.20190502.BENTHICSWEEP.10","A00000084806","BA19NEOMLR01009O1","ENCSP1","Y","Enchytraeidae sp.",,"family","Annelida","Clitellata","Oligochaeta","Oligochaeta",,,"Enchytraeida",,,,"Enchytraeidae",,,,,"sp.",,"unknown",3,,3,100,3,"N","N",,"condition OK","Y",,"Kathman and Brinkhurst, 1999","N","Rhithron Associates, Inc.","J. Webb",,,
"7a79c178-52fc-4831-82eb-9fb078ae0526","D09","PRPO","PRPO.AOS.littoral2","2019-05-02T13:48Z","2019-07-30","PRPO.20190502.PONAR.2","A00000084729","BA19NEOMLR01015O2|BA19NEOMLR01015O1","ENCSP1","Y","Enchytraeidae sp.",,"family","Annelida","Clitellata","Oligochaeta","Oligochaeta",,,"Enchytraeida",,,,"Enchytraeidae",,,,,"sp.",,"unknown",3,,1,23,4,"N","N",,"condition OK","Y",,"Kathman and Brinkhurst, 1999","N","Rhithron Associates, Inc.","J. Webb",,,
"2a88b296-24dd-4d07-a28d-05f1178831cf","D09","PRPO","PRPO.AOS.littoral1","2019-05-02T13:48Z","2019-07-30","PRPO.20190502.PONAR.1","A00000084731","BA19NEOMLR01014O3|BA19NEOMLR01014O1|BA19NEOMLR01014O2","LIMPRO","Y","Limnodrilus profundicola",,"species","Annelida","Clitellata","Oligochaeta","Oligochaeta",,,"Tubificida",,,,"Naididae","Tubificinae",,,"Limnodrilus","profundicola",,"unknown",20,,1,100,1,"N","N",,"condition OK","Y",,"Kathman and Brinkhurst, 1999","N","Rhithron Associates, Inc.","J. Webb","Reference Collection(1)",,
"787cac90-b6b2-4c44-8b18-884c6a35c955","D09","PRPO","PRPO.AOS.riparian.point.06","2019-05-02T13:48Z","2019-07-30","PRPO.20190502.BENTHICSWEEP.6","A00000084821",,"MYSSP2","Y","Mystacides sp.",,"genus","Arthropoda","Hexapoda","Insecta","Pterygota","Neoptera","Holometabola","Trichoptera",,,"Leptoceroidea","Leptoceridae","Leptocerinae","Mystacidini",,"Mystacides","sp.",,"larva",3,,1,100,1,"N","N",,"condition OK","Y",,"Yamamoto and Wiggins 1964","N","Rhithron Associates, Inc.","J. Webb","Reference Collection(1)",,
"2704571d-cab2-4541-ab2d-b9ebde54fc97","D09","PRPO","PRPO.AOS.riparian.point.06","2019-05-02T13:48Z","2019-07-30","PRPO.20190502.BENTHICSWEEP.6","A00000084821",,"COLSP1","Y","Collembola sp.",,"order","Arthropoda","Hexapoda","Collembola",,,,"Collembola",,,,,,,,,"sp.",,"unknown",1,,1,100,1,"N","N",,"condition OK","Y",,"Merritt et al. 2019","N","Rhithron Associates, Inc.","J. Webb",,,
"255a0162-4dcc-42a8-9668-8e350ee02d91","D09","PRPO","PRPO.AOS.riparian.point.05","2019-05-02T13:48Z","2019-07-30","PRPO.20190502.BENTHICSWEEP.5","A00000084803",,"GAMSP3","Y","Gammarus sp.",,"genus","Arthropoda","Crustacea","Malacostraca","Eumalacostraca",,"Peracarida","Amphipoda","Gammaridea",,,"Gammaridae",,,,"Gammarus","sp.",,"unknown",9,,2,100,2,"N","N",,"condition OK","Y",,"Thorp and Rogers 2016","N","Rhithron Associates, Inc.","J. Webb",,,
"f6de9d8a-5393-4f0d-bd5d-b38bd11b8029","D09","PRPO","PRPO.AOS.littoral1","2019-05-02T13:48Z","2019-07-30","PRPO.20190502.PONAR.1","A00000084731","BA19NEOMLR01014O3|BA19NEOMLR01014O2|BA19NEOMLR01014O1","NAISP","Y","Naididae sp.",,"family","Annelida","Clitellata","Oligochaeta","Oligochaeta",,,"Tubificida",,,,"Naididae",,,,,"sp.",,"immature",8,,3,100,3,"Y","N",,"condition OK","N",,"Kathman and Brinkhurst, 1999","N","Rhithron Associates, Inc.","J. Webb","w/o hc",,
"bd4d852a-bece-482d-bfad-37b81eda3a1d","D09","PRPO","PRPO.AOS.littoral2","2019-05-02T13:48Z","2019-07-30","PRPO.20190502.PONAR.2","A00000084729",,"AMPSP1","Y","Amphipoda sp.",,"order","Arthropoda","Crustacea","Malacostraca","Eumalacostraca",,"Peracarida","Amphipoda",,,,,,,,,"sp.",,"unknown",12,,2,23,9,"N","N","damaged","damaged, affecting taxonomy and measurement","Y",,"Thorp and Rogers 2016","N","Rhithron Associates, Inc.","B. Moore",,,
"8c41e686-33c0-4e29-b548-4ca0e49c9222","D09","PRPO","PRPO.AOS.littoral1","2019-05-02T13:48Z","2019-07-30","PRPO.20190502.PONAR.1","A00000084731","BA19NEOMLR01014O1|BA19NEOMLR01014O3|BA19NEOMLR01014O2","NAISP","Y","Naididae sp.",,"family","Annelida","Clitellata","Oligochaeta","Oligochaeta",,,"Tubificida",,,,"Naididae",,,,,"sp.",,"immature",7,,1,100,1,"Y","N",,"condition OK","N",,"Kathman and Brinkhurst, 1999","N","Rhithron Associates, Inc.","J. Webb","w/o hc",,
"935bed9f-eac9-4403-914f-faf2bf435565","D09","PRPO","PRPO.AOS.littoral2","2019-05-02T13:48Z","2019-07-30","PRPO.20190502.PONAR.2","A00000084729",,"CRYSP2","Y","Cryptochironomus sp.",,"genus","Arthropoda","Hexapoda","Insecta","Pterygota","Neoptera","Holometabola","Diptera","Nematocera","Culicomorpha",,"Chironomidae","Chironominae","Chironomini",,"Cryptochironomus","sp.",,"larva",3,,3,23,13,"N","N",,"condition OK","Y",,"Weiderholm, 1983; Weiderholm, 1986; Epler 2001; Ferrington et al. 2019; Andersen, Cranston and Epler 2013","N","Rhithron Associates, Inc.","A. Fasbender",,,
"fc4cf131-6bc9-408b-93b1-a78820fc268d","D09","PRPO","PRPO.AOS.riparian.point.05","2019-05-02T13:48Z","2019-07-30","PRPO.20190502.BENTHICSWEEP.5","A00000084803",,"TRISP14","Y","Trichocorixa sp.",,"genus","Arthropoda","Hexapoda","Insecta","Pterygota","Neoptera","Paraneoptera","Hemiptera","Heteroptera","Nepomorpha","Corixoidea","Corixidae","Corixinae",,,"Trichocorixa","sp.",,"adult",4,,2,100,2,"N","N",,"condition OK","Y",,"Merritt et al. 2019","N","Rhithron Associates, Inc.","J. Webb",,,
"fd6e1335-7664-40d9-b001-872701146a31","D09","PRPO","PRPO.AOS.buoy.c0","2019-05-02T13:48Z","2019-07-30","PRPO.20190502.PONAR.3","A00000084744",,"CHISP8","Y","Chironomus sp.",,"genus","Arthropoda","Hexapoda","Insecta","Pterygota","Neoptera","Holometabola","Diptera","Nematocera","Culicomorpha",,"Chironomidae","Chironominae","Chironomini",,"Chironomus","sp.",,"larva",12,,8,100,8,"N","N",,"condition OK","Y",,"Weiderholm, 1983; Weiderholm, 1986; Epler 2001; Ferrington et al. 2019; Andersen, Cranston and Epler 2013","N","Rhithron Associates, Inc.","A. Fasbender",,,
"6b9ffdd6-33ac-42ee-bfcc-07a89f7f6573","D09","PRPO","PRPO.AOS.littoral1","2019-05-02T13:48Z","2019-07-30","PRPO.20190502.PONAR.1","A00000084731",,"TANSP10","Y","Tanypus sp.",,"genus","Arthropoda","Hexapoda","Insecta","Pterygota","Neoptera","Holometabola","Diptera","Nematocera","Culicomorpha",,"Chironomidae","Tanypodinae","Tanypodini",,"Tanypus","sp.",,"larva",4,,1,100,1,"N","N",,"condition OK","Y",,"Weiderholm, 1983; Weiderholm, 1986; Epler 2001; Ferrington et al. 2019; Andersen, Cranston and Epler 2013","N","Rhithron Associates, Inc.","A. Fasbender","Reference Collection(1)",,
"e3e81b09-4241-4718-995f-e990c645f95b","D09","PRPO","PRPO.AOS.littoral2","2019-05-02T13:48Z","2019-07-30","PRPO.20190502.PONAR.2","A00000084729",,"TANSP11","Y","Tanytarsus sp.",,"genus","Arthropoda","Hexapoda","Insecta","Pterygota","Neoptera","Holometabola","Diptera","Nematocera","Culicomorpha",,"Chironomidae","Chironominae","Tanytarsini",,"Tanytarsus","sp.",,"larva",2,,1,23,4,"N","N",,"condition OK","Y",,"Weiderholm, 1983; Weiderholm, 1986; Epler 2001; Ferrington et al. 2019; Andersen, Cranston and Epler 2013","N","Rhithron Associates, Inc.","A. Fasbender",,,
"26e1f172-6e5b-4f1f-aaf5-64fb9b111840","D09","PRPO","PRPO.AOS.riparian.point.10","2019-05-02T13:48Z","2019-07-30","PRPO.20190502.BENTHICSWEEP.10","A00000084806",,"CERSP10","Y","Ceratopogoninae sp.",,"subfamily","Arthropoda","Hexapoda","Insecta","Pterygota","Neoptera","Holometabola","Diptera","Nematocera","Culicomorpha",,"Ceratopogonidae","Ceratopogoninae",,,,"sp.",,"larva",2,,2,100,2,"N","N",,"condition OK","Y",,"Merritt et al. 2019","N","Rhithron Associates, Inc.","J. Webb",,,
"e6202315-000b-407b-aee6-7671b51c7b9f","D09","PRPO","PRPO.AOS.riparian.point.06","2019-05-02T13:48Z","2019-07-30","PRPO.20190502.BENTHICSWEEP.6","A00000084821",,"CLASP6","Y","Cladotanytarsus sp.",,"genus","Arthropoda","Hexapoda","Insecta","Pterygota","Neoptera","Holometabola","Diptera","Nematocera","Culicomorpha",,"Chironomidae","Chironominae","Tanytarsini",,"Cladotanytarsus","sp.",,"larva",1,,1,100,1,"N","N",,"condition OK","Y",,"Weiderholm, 1983; Weiderholm, 1986; Epler 2001; Ferrington et al. 2019; Andersen, Cranston and Epler 2013","N","Rhithron Associates, Inc.","R. Spring",,,
"032cebbc-f579-46b0-9a9f-be0b7acb82d0","D09","PRPO","PRPO.AOS.buoy.c0","2019-05-02T13:48Z","2019-07-30","PRPO.20190502.PONAR.3","A00000084744",,"CHISP8","Y","Chironomus sp.",,"genus","Arthropoda","Hexapoda","Insecta","Pterygota","Neoptera","Holometabola","Diptera","Nematocera","Culicomorpha",,"Chironomidae","Chironominae","Chironomini",,"Chironomus","sp.",,"larva",11,,2,100,2,"N","N",,"condition OK","Y",,"Weiderholm, 1983; Weiderholm, 1986; Epler 2001; Ferrington et al. 2019; Andersen, Cranston and Epler 2013","N","Rhithron Associates, Inc.","A. Fasbender",,,
"8e4ad107-90d2-42b3-8699-5e80b4f6676b","D09","PRPO","PRPO.AOS.riparian.point.06","2019-05-02T13:48Z","2019-07-30","PRPO.20190502.BENTHICSWEEP.6","A00000084821",,"TRISP14","Y","Trichocorixa sp.",,"genus","Arthropoda","Hexapoda","Insecta","Pterygota","Neoptera","Paraneoptera","Hemiptera","Heteroptera","Nepomorpha","Corixoidea","Corixidae","Corixinae",,,"Trichocorixa","sp.",,"adult",5,,2,100,2,"N","N",,"condition OK","Y",,"Merritt et al. 2019","N","Rhithron Associates, Inc.","J. Webb",,,
"309ec9ff-1d3b-412c-9ffc-623d88fc7ef1","D09","PRPO","PRPO.AOS.riparian.point.06","2019-05-02T13:48Z","2019-07-30","PRPO.20190502.BENTHICSWEEP.6","A00000084821",,"CLASP6","Y","Cladotanytarsus sp.",,"genus","Arthropoda","Hexapoda","Insecta","Pterygota","Neoptera","Holometabola","Diptera","Nematocera","Culicomorpha",,"Chironomidae","Chironominae","Tanytarsini",,"Cladotanytarsus","sp.",,"larva",2,,3,100,3,"N","N",,"condition OK","Y",,"Weiderholm, 1983; Weiderholm, 1986; Epler 2001; Ferrington et al. 2019; Andersen, Cranston and Epler 2013","N","Rhithron Associates, Inc.","R. Spring",,,
"d8ca54d5-0bc7-4ff8-a32f-d44bd25bbdfa","D09","PRPO","PRPO.AOS.littoral1","2019-05-02T13:48Z","2019-07-30","PRPO.20190502.PONAR.1","A00000084731",,"CHISP6","Y","Chironomini sp.",,"tribe","Arthropoda","Hexapoda","Insecta","Pterygota","Neoptera","Holometabola","Diptera","Nematocera","Culicomorpha",,"Chironomidae","Chironominae","Chironomini",,,"sp.",,"larva",1,,1,100,1,"Y","N","early instar","condition OK","N",,"Weiderholm, 1983; Weiderholm, 1986; Epler 2001; Ferrington et al. 2019; Andersen, Cranston and Epler 2013","N","Rhithron Associates, Inc.","A. Fasbender",,,
"dbdffda3-c71a-491e-8e89-0a8db449c5ef","D09","PRPO","PRPO.AOS.littoral1","2019-05-02T13:48Z","2019-07-30","PRPO.20190502.PONAR.1","A00000084731",,"CHISP8","Y","Chironomus sp.",,"genus","Arthropoda","Hexapoda","Insecta","Pterygota","Neoptera","Holometabola","Diptera","Nematocera","Culicomorpha",,"Chironomidae","Chironominae","Chironomini",,"Chironomus","sp.",,"larva",6,,1,100,1,"N","N",,"condition OK","Y",,"Weiderholm, 1983; Weiderholm, 1986; Epler 2001; Ferrington et al. 2019; Andersen, Cranston and Epler 2013","N","Rhithron Associates, Inc.","A. Fasbender",,,
"b1b73b6f-7ead-483b-ae1d-122ff20687cf","D09","PRPO","PRPO.AOS.riparian.point.10","2019-05-02T13:48Z","2019-07-30","PRPO.20190502.BENTHICSWEEP.10","A00000084806",,"TRISP14","Y","Trichocorixa sp.",,"genus","Arthropoda","Hexapoda","Insecta","Pterygota","Neoptera","Paraneoptera","Hemiptera","Heteroptera","Nepomorpha","Corixoidea","Corixidae","Corixinae",,,"Trichocorixa","sp.",,"adult",5,,1,100,1,"N","N",,"condition OK","Y",,"Merritt et al. 2019","N","Rhithron Associates, Inc.","J. Webb","Reference Collection(1)",,
"6efe9bea-927b-42b2-9c5c-9ef83470125c","D09","PRPO","PRPO.AOS.littoral2","2019-05-02T13:48Z","2019-07-30","PRPO.20190502.PONAR.2","A00000084729","BA19NEOMLR01015O2|BA19NEOMLR01015O1","NAISP","Y","Naididae sp.",,"family","Annelida","Clitellata","Oligochaeta","Oligochaeta",,,"Tubificida",,,,"Naididae",,,,,"sp.",,"immature",5,,4,23,17,"Y","N",,"condition OK","Y",,"Kathman and Brinkhurst, 1999","N","Rhithron Associates, Inc.","J. Webb","w/o hc",,
"7f958722-d0d8-40ae-aacc-4e33ccb2281b","D09","PRPO","PRPO.AOS.riparian.point.06","2019-05-02T13:48Z","2019-07-30","PRPO.20190502.BENTHICSWEEP.6","A00000084821",,"GAMSP3","Y","Gammarus sp.",,"genus","Arthropoda","Crustacea","Malacostraca","Eumalacostraca",,"Peracarida","Amphipoda","Gammaridea",,,"Gammaridae",,,,"Gammarus","sp.",,"unknown",8,,4,100,4,"N","N",,"condition OK","Y",,"Thorp and Rogers 2016","N","Rhithron Associates, Inc.","J. Webb",,,
"4f3fd8fd-c9af-4908-b615-88f11cdeb6b6","D09","PRPO","PRPO.AOS.riparian.point.10","2019-05-02T13:48Z","2019-07-30","PRPO.20190502.BENTHICSWEEP.10","A00000084806",,"OSTSP","Y","Ostracoda sp.",,"class","Arthropoda","Crustacea","Ostracoda",,,,,,,,,,,,,"sp.",,"unknown",1,,10,100,10,"N","N",,"condition OK","Y",,"Thorp and Rogers 2016","N","Rhithron Associates, Inc.","J. Webb",,,
"9ed4c28f-ef77-4518-8c66-4a885909300a","D09","PRPO","PRPO.AOS.littoral2","2019-05-02T13:48Z","2019-07-30","PRPO.20190502.PONAR.2","A00000084729","BA19NEOMLR01015O1|BA19NEOMLR01015O2","NAISP","Y","Naididae sp.",,"family","Annelida","Clitellata","Oligochaeta","Oligochaeta",,,"Tubificida",,,,"Naididae",,,,,"sp.",,"immature",8,,2,23,9,"Y","N",,"condition OK","Y",,"Kathman and Brinkhurst, 1999","N","Rhithron Associates, Inc.","J. Webb","w/o hc",,
"b32d0159-5a89-493d-895e-7b7961f4b11a","D09","PRPO","PRPO.AOS.buoy.c0","2019-05-02T13:48Z","2019-07-30","PRPO.20190502.PONAR.3","A00000084744",,"CHISP8","Y","Chironomus sp.",,"genus","Arthropoda","Hexapoda","Insecta","Pterygota","Neoptera","Holometabola","Diptera","Nematocera","Culicomorpha",,"Chironomidae","Chironominae","Chironomini",,"Chironomus","sp.",,"larva",15,,8,100,8,"N","N",,"condition OK","Y",,"Weiderholm, 1983; Weiderholm, 1986; Epler 2001; Ferrington et al. 2019; Andersen, Cranston and Epler 2013","N","Rhithron Associates, Inc.","A. Fasbender",,,
"ccf75c85-a3da-4ee6-aef5-703afe344f39","D09","PRPO","PRPO.AOS.littoral2","2019-05-02T13:48Z","2019-07-30","PRPO.20190502.PONAR.2","A00000084729",,"CLASP6","Y","Cladotanytarsus sp.",,"genus","Arthropoda","Hexapoda","Insecta","Pterygota","Neoptera","Holometabola","Diptera","Nematocera","Culicomorpha",,"Chironomidae","Chironominae","Tanytarsini",,"Cladotanytarsus","sp.",,"larva",1,,26,23,113,"N","N",,"condition OK","Y",,"Weiderholm, 1983; Weiderholm, 1986; Epler 2001; Ferrington et al. 2019; Andersen, Cranston and Epler 2013","N","Rhithron Associates, Inc.","A. Fasbender",,,
"55c65b9d-54ec-4654-b0cc-3795e067332d","D09","PRPO","PRPO.AOS.riparian.point.06","2019-05-02T13:48Z","2019-07-30","PRPO.20190502.BENTHICSWEEP.6","A00000084821",,"CERSP10","Y","Ceratopogoninae sp.",,"subfamily","Arthropoda","Hexapoda","Insecta","Pterygota","Neoptera","Holometabola","Diptera","Nematocera","Culicomorpha",,"Ceratopogonidae","Ceratopogoninae",,,,"sp.",,"larva",4,,2,100,2,"N","N",,"condition OK","Y",,"Merritt et al. 2019","N","Rhithron Associates, Inc.","J. Webb",,,
"12e1a60d-0397-4e7d-b00a-f7d5135cfa4b","D09","PRPO","PRPO.AOS.littoral2","2019-05-02T13:48Z","2019-07-30","PRPO.20190502.PONAR.2","A00000084729",,"MICSP6","Y","Micropsectra sp.",,"genus","Arthropoda","Hexapoda","Insecta","Pterygota","Neoptera","Holometabola","Diptera","Nematocera","Culicomorpha",,"Chironomidae","Chironominae","Tanytarsini",,"Micropsectra","sp.",,"larva",2,,1,23,4,"N","N",,"condition OK","Y",,"Weiderholm, 1983; Weiderholm, 1986; Epler 2001; Ferrington et al. 2019; Andersen, Cranston and Epler 2013","N","Rhithron Associates, Inc.","A. Fasbender",,,
"f9879441-9e74-429e-a07e-63ea6133a711","D09","PRPO","PRPO.AOS.riparian.point.10","2019-05-02T13:48Z","2019-07-30","PRPO.20190502.BENTHICSWEEP.10","A00000084806",,"CRISP2","Y","Cricotopus sp.",,"genus","Arthropoda","Hexapoda","Insecta","Pterygota","Neoptera","Holometabola","Diptera","Nematocera","Culicomorpha",,"Chironomidae","Orthocladiinae",,,"Cricotopus","sp.",,"larva",3,,1,100,1,"N","N",,"condition OK","Y",,"Weiderholm, 1983; Weiderholm, 1986; Epler 2001; Ferrington et al. 2019; Andersen, Cranston and Epler 2013","N","Rhithron Associates, Inc.","R. Spring","iso",,
"52159789-39fc-4f48-99c7-a8de7949ff6b","D09","PRPO","PRPO.AOS.riparian.point.06","2019-05-02T13:48Z","2019-07-30","PRPO.20190502.BENTHICSWEEP.6","A00000084821",,"NEMSP","Y","Nematoda sp.",,"phylum","Nematoda",,,,,,,,,,,,,,,"sp.",,"unknown",1,,2,100,2,"N","N",,"condition OK","Y",,"Thorp and Rogers 2016","N","Rhithron Associates, Inc.","J. Webb",,,
"c8c75498-52bc-4443-ae81-7bcc5b3512d7","D09","PRPO","PRPO.AOS.riparian.point.06","2019-05-02T13:48Z","2019-07-30","PRPO.20190502.BENTHICSWEEP.6","A00000084821",,"ALLSP14","Y","Allocladius sp.",,"genus","Arthropoda",,"Insecta",,,,"Diptera",,,,"Chironomidae",,,,"Allocladius","sp.",,"larva",2,,1,100,1,"N","N",,"condition OK","Y",,"Weiderholm, 1983; Weiderholm, 1986; Epler 2001; Ferrington et al. 2008; Andersen, Cranston and Epler 2013","N","Rhithron Associates, Inc.","R. Spring",,,
"c8d36901-76ed-4da5-9464-ef254ae47804","D09","PRPO","PRPO.AOS.riparian.point.10","2019-05-02T13:48Z","2019-07-30","PRPO.20190502.BENTHICSWEEP.10","A00000084806",,"TRISP14","Y","Trichocorixa sp.",,"genus","Arthropoda","Hexapoda","Insecta","Pterygota","Neoptera","Paraneoptera","Hemiptera","Heteroptera","Nepomorpha","Corixoidea","Corixidae","Corixinae",,,"Trichocorixa","sp.",,"adult",4,,2,100,2,"N","N",,"condition OK","Y",,"Merritt et al. 2019","N","Rhithron Associates, Inc.","J. Webb","Reference Collection(1)",,
"25621f0f-a3ce-4eb2-860b-164c2d592214","D09","PRPO","PRPO.AOS.riparian.point.05","2019-05-02T13:48Z","2019-07-30","PRPO.20190502.BENTHICSWEEP.5","A00000084803",,"GAMSP3","Y","Gammarus sp.",,"genus","Arthropoda","Crustacea","Malacostraca","Eumalacostraca",,"Peracarida","Amphipoda","Gammaridea",,,"Gammaridae",,,,"Gammarus","sp.",,"unknown",6,,1,100,1,"N","N",,"condition OK","Y",,"Thorp and Rogers 2016","N","Rhithron Associates, Inc.","J. Webb",,,
"441df16c-f887-41da-9f1a-98b287bf3aa3","D09","PRPO","PRPO.AOS.littoral1","2019-05-02T13:48Z","2019-07-30","PRPO.20190502.PONAR.1","A00000084731",,"GLYSP3","Y","Glyptotendipes sp.",,"genus","Arthropoda","Hexapoda","Insecta","Pterygota","Neoptera","Holometabola","Diptera","Nematocera","Culicomorpha",,"Chironomidae","Chironominae","Chironomini",,"Glyptotendipes","sp.",,"larva",2,,1,100,1,"N","N",,"condition OK","Y",,"Weiderholm, 1983; Weiderholm, 1986; Epler 2001; Ferrington et al. 2019; Andersen, Cranston and Epler 2013","N","Rhithron Associates, Inc.","A. Fasbender",,,
"3c285aa3-0fc3-4df1-9b33-2c02ad2ebcc0","D09","PRPO","PRPO.AOS.riparian.point.06","2019-05-02T13:48Z","2019-07-29","PRPO.20190502.BENTHICSWEEP.6","A00000084821","BA19NEOMLR01012O1","ENCSP1","Y","Enchytraeidae sp.",,"family","Annelida","Clitellata","Oligochaeta","Oligochaeta",,,"Enchytraeida",,,,"Enchytraeidae",,,,,"sp.",,"unknown",2,,1,100,1,"N","N",,"condition OK","Y",,"Kathman and Brinkhurst, 1999","N","Rhithron Associates, Inc.","J. Webb",,,
"998b4a43-b3b9-44f6-aa7b-c42550f76a79","D09","PRPO","PRPO.AOS.riparian.point.02","2019-05-02T13:48Z","2019-07-30","PRPO.20190502.BENTHICSWEEP.2","A00000084825",,"OSTSP","Y","Ostracoda sp.",,"class","Arthropoda","Crustacea","Ostracoda",,,,,,,,,,,,,"sp.",,"unknown",1,,1,100,1,"N","N",,"condition OK","Y",,"Thorp and Rogers 2016","Y","Rhithron Associates, Inc.","J. Webb",,,
"bd33a5aa-45af-4c12-877a-425f4dd92029","D09","PRPO","PRPO.AOS.riparian.point.10","2019-05-02T13:48Z","2019-07-30","PRPO.20190502.BENTHICSWEEP.10","A00000084806",,"ALLSP14","Y","Allocladius sp.",,"genus","Arthropoda",,"Insecta",,,,"Diptera",,,,"Chironomidae",,,,"Allocladius","sp.",,"larva",2,,1,100,1,"N","N",,"condition OK","Y",,"Weiderholm, 1983; Weiderholm, 1986; Epler 2001; Ferrington et al. 2008; Andersen, Cranston and Epler 2013","N","Rhithron Associates, Inc.","R. Spring",,,
"335be2be-58be-451c-b5b6-d80521471be7","D09","PRPO","PRPO.AOS.riparian.point.10","2019-05-02T13:48Z","2019-07-30","PRPO.20190502.BENTHICSWEEP.10","A00000084806","BA19NEOMLR01009O1","ENCSP1","Y","Enchytraeidae sp.",,"family","Annelida","Clitellata","Oligochaeta","Oligochaeta",,,"Enchytraeida",,,,"Enchytraeidae",,,,,"sp.",,"unknown",2,,1,100,1,"N","N",,"condition OK","Y",,"Kathman and Brinkhurst, 1999","N","Rhithron Associates, Inc.","J. Webb",,,
"d12e00e5-ca0d-4002-a946-9991318b7839","D09","PRPO","PRPO.AOS.littoral1","2019-05-02T13:48Z","2019-07-30","PRPO.20190502.PONAR.1","A00000084731",,"CRYSP3","Y","Cryptotendipes sp.",,"genus","Arthropoda","Hexapoda","Insecta","Pterygota","Neoptera","Holometabola","Diptera","Nematocera","Culicomorpha",,"Chironomidae","Chironominae","Chironomini",,"Cryptotendipes","sp.",,"larva",3,,1,100,1,"N","N",,"condition OK","Y",,"Weiderholm, 1983; Weiderholm, 1986; Epler 2001; Ferrington et al. 2019; Andersen, Cranston and Epler 2013","N","Rhithron Associates, Inc.","A. Fasbender",,,
"10ad3b91-e71e-40e0-9a74-a4c852b94f70","D09","PRPO","PRPO.AOS.riparian.point.06","2019-05-02T13:48Z","2019-07-30","PRPO.20190502.BENTHICSWEEP.6","A00000084821",,"DASSP2","Y","Dasyhelea sp.",,"genus","Arthropoda","Hexapoda","Insecta","Pterygota","Neoptera","Holometabola","Diptera","Nematocera","Culicomorpha",,"Ceratopogonidae","Dasyheleinae",,,"Dasyhelea","sp.",,"larva",2,,3,100,3,"N","N",,"condition OK","Y",,"Merritt et al. 2019","N","Rhithron Associates, Inc.","J. Webb",,,
"8ce8c547-57a7-47f7-9e26-74cef727e5aa","D09","PRPO","PRPO.AOS.littoral2","2019-05-02T13:48Z","2019-07-30","PRPO.20190502.PONAR.2","A00000084729","BA19NEOMLR01015O2|BA19NEOMLR01015O1","NAISP","Y","Naididae sp.",,"family","Annelida","Clitellata","Oligochaeta","Oligochaeta",,,"Tubificida",,,,"Naididae",,,,,"sp.",,"immature",4,,2,23,9,"Y","N",,"condition OK","Y",,"Kathman and Brinkhurst, 1999","N","Rhithron Associates, Inc.","J. Webb","w/o hc",,
"93ec3aa6-ff7c-47d7-85bf-01bfdcaaa492","D09","PRPO","PRPO.AOS.riparian.point.06","2019-05-02T13:48Z","2019-07-30","PRPO.20190502.BENTHICSWEEP.6","A00000084821",,"TRISP14","Y","Trichocorixa sp.",,"genus","Arthropoda","Hexapoda","Insecta","Pterygota","Neoptera","Paraneoptera","Hemiptera","Heteroptera","Nepomorpha","Corixoidea","Corixidae","Corixinae",,,"Trichocorixa","sp.",,"adult",4,,4,100,4,"N","N",,"condition OK","Y",,"Merritt et al. 2019","N","Rhithron Associates, Inc.","J. Webb",,,
"dc591fd1-9e87-4ab4-82ae-e8066810ba99","D09","PRPO","PRPO.AOS.littoral1","2019-05-02T13:48Z","2019-07-30","PRPO.20190502.PONAR.1","A00000084731",,"CLASP6","Y","Cladotanytarsus sp.",,"genus","Arthropoda","Hexapoda","Insecta","Pterygota","Neoptera","Holometabola","Diptera","Nematocera","Culicomorpha",,"Chironomidae","Chironominae","Tanytarsini",,"Cladotanytarsus","sp.",,"larva",2,,53,100,53,"N","N",,"condition OK","Y",,"Weiderholm, 1983; Weiderholm, 1986; Epler 2001; Ferrington et al. 2019; Andersen, Cranston and Epler 2013","N","Rhithron Associates, Inc.","A. Fasbender",,,
"efb70b81-9998-44ee-9dc3-77d4fe24b329","D09","PRPO","PRPO.AOS.riparian.point.10","2019-05-02T13:48Z","2019-07-30","PRPO.20190502.BENTHICSWEEP.10","A00000084806",,"GAMSP3","Y","Gammarus sp.",,"genus","Arthropoda","Crustacea","Malacostraca","Eumalacostraca",,"Peracarida","Amphipoda","Gammaridea",,,"Gammaridae",,,,"Gammarus","sp.",,"unknown",8,,1,100,1,"N","N",,"condition OK","Y",,"Thorp and Rogers 2016","N","Rhithron Associates, Inc.","J. Webb",,,
"8a831adb-2834-4b08-8810-b3cc63135aa4","D09","PRPO","PRPO.AOS.littoral1","2019-05-02T13:48Z","2019-07-30","PRPO.20190502.PONAR.1","A00000084731",,"CAESP5","Y","Caenis sp.",,"genus","Arthropoda","Hexapoda","Insecta","Pterygota","Palaeoptera",,"Ephemeroptera","Furcatergalia","Pannota","Caenoidea","Caenidae","Caeninae",,,"Caenis","sp.",,"larva",3,,1,100,1,"Y","N","early instar","condition OK","Y",,"Provonsha 1990","N","Rhithron Associates, Inc.","B. Moore",,,
"3f67de4c-c239-448b-bc35-4591c016b66f","D09","PRPO","PRPO.AOS.buoy.c0","2019-05-02T13:48Z","2019-07-30","PRPO.20190502.PONAR.3","A00000084744",,"CHISP8","Y","Chironomus sp.",,"genus","Arthropoda","Hexapoda","Insecta","Pterygota","Neoptera","Holometabola","Diptera","Nematocera","Culicomorpha",,"Chironomidae","Chironominae","Chironomini",,"Chironomus","sp.",,"larva",18,,4,100,4,"N","N",,"condition OK","Y",,"Weiderholm, 1983; Weiderholm, 1986; Epler 2001; Ferrington et al. 2019; Andersen, Cranston and Epler 2013","N","Rhithron Associates, Inc.","A. Fasbender",,,
"10c8e7f7-4432-4409-a612-b8272568f1f7","D09","PRPO","PRPO.AOS.buoy.c0","2019-05-02T13:48Z","2019-07-30","PRPO.20190502.PONAR.3","A00000084744",,"CHISP8","Y","Chironomus sp.",,"genus","Arthropoda","Hexapoda","Insecta","Pterygota","Neoptera","Holometabola","Diptera","Nematocera","Culicomorpha",,"Chironomidae","Chironominae","Chironomini",,"Chironomus","sp.",,"larva",16,,5,100,5,"N","N",,"condition OK","Y",,"Weiderholm, 1983; Weiderholm, 1986; Epler 2001; Ferrington et al. 2019; Andersen, Cranston and Epler 2013","N","Rhithron Associates, Inc.","A. Fasbender",,,
"d436758f-e945-491f-8a98-3a4c82a74336","D09","PRPO","PRPO.AOS.littoral1","2019-05-02T13:48Z","2019-07-30","PRPO.20190502.PONAR.1","A00000084731","BA19NEOMLR01014O2|BA19NEOMLR01014O3|BA19NEOMLR01014O1","NAISP","Y","Naididae sp.",,"family","Annelida","Clitellata","Oligochaeta","Oligochaeta",,,"Tubificida",,,,"Naididae",,,,,"sp.",,"immature",3,,2,100,2,"Y","N",,"condition OK","N",,"Kathman and Brinkhurst, 1999","N","Rhithron Associates, Inc.","J. Webb","w/o hc",,
"6db432a2-c2af-4d8c-bb39-1dd60e9c3ad9","D09","PRPO","PRPO.AOS.littoral1","2019-05-02T13:48Z","2019-07-30","PRPO.20190502.PONAR.1","A00000084731","BA19NEOMLR01014O3|BA19NEOMLR01014O1|BA19NEOMLR01014O2","LIMPRO","Y","Limnodrilus profundicola",,"species","Annelida","Clitellata","Oligochaeta","Oligochaeta",,,"Tubificida",,,,"Naididae","Tubificinae",,,"Limnodrilus","profundicola",,"unknown",13,,1,100,1,"N","N",,"condition OK","Y",,"Kathman and Brinkhurst, 1999","N","Rhithron Associates, Inc.","J. Webb","Reference Collection(1)",,
"4ae279c9-8958-4da6-a1fe-b953957b8550","D09","PRPO","PRPO.AOS.riparian.point.06","2019-05-02T13:48Z","2019-07-29","PRPO.20190502.BENTHICSWEEP.6","A00000084821","BA19NEOMLR01012O1","NAISP","Y","Naididae sp.",,"family","Annelida","Clitellata","Oligochaeta","Oligochaeta",,,"Tubificida",,,,"Naididae",,,,,"sp.",,"immature",4,,5,100,5,"Y","N",,"condition OK","Y",,"Kathman and Brinkhurst, 1999","N","Rhithron Associates, Inc.","J. Webb","w/o hc",,
"bf312200-0e6b-494f-999c-f5d4462d7253","D09","PRPO","PRPO.AOS.littoral2","2019-05-02T13:48Z","2019-07-30","PRPO.20190502.PONAR.2","A00000084729","BA19NEOMLR01015O2|BA19NEOMLR01015O1","NAISP","Y","Naididae sp.",,"family","Annelida","Clitellata","Oligochaeta","Oligochaeta",,,"Tubificida",,,,"Naididae",,,,,"sp.",,"immature",13,,2,23,9,"Y","N",,"condition OK","Y",,"Kathman and Brinkhurst, 1999","N","Rhithron Associates, Inc.","J. Webb","w/o hc",,
"a887d924-0d2f-4302-b31c-6c24d8309032","D09","PRPO","PRPO.AOS.littoral2","2019-05-02T13:48Z","2019-07-30","PRPO.20190502.PONAR.2","A00000084729",,"ORTSP1","Y","Orthocladiinae sp.",,"subfamily","Arthropoda","Hexapoda","Insecta","Pterygota","Neoptera","Holometabola","Diptera","Nematocera","Culicomorpha",,"Chironomidae","Orthocladiinae",,,,"sp.",,"larva",1,,1,23,4,"Y","N","early instar","condition OK","Y",,"Weiderholm, 1983; Weiderholm, 1986; Epler 2001; Ferrington et al. 2019; Andersen, Cranston and Epler 2013","N","Rhithron Associates, Inc.","A. Fasbender",,,
"08645390-64a0-4d25-882c-ed58a1bfd42f","D09","PRPO","PRPO.AOS.buoy.c0","2019-05-02T13:48Z","2019-07-30","PRPO.20190502.PONAR.3","A00000084744",,"CHISP8","Y","Chironomus sp.",,"genus","Arthropoda","Hexapoda","Insecta","Pterygota","Neoptera","Holometabola","Diptera","Nematocera","Culicomorpha",,"Chironomidae","Chironominae","Chironomini",,"Chironomus","sp.",,"larva",3,,2,100,2,"N","N",,"condition OK","Y",,"Weiderholm, 1983; Weiderholm, 1986; Epler 2001; Ferrington et al. 2019; Andersen, Cranston and Epler 2013","N","Rhithron Associates, Inc.","A. Fasbender",,,
"0acbc75d-182b-4957-9657-b692bc768adc","D09","PRPO","PRPO.AOS.riparian.point.05","2019-05-02T13:48Z","2019-07-30","PRPO.20190502.BENTHICSWEEP.5","A00000084803",,"CRISP2","Y","Cricotopus sp.",,"genus","Arthropoda","Hexapoda","Insecta","Pterygota","Neoptera","Holometabola","Diptera","Nematocera","Culicomorpha",,"Chironomidae","Orthocladiinae",,,"Cricotopus","sp.",,"larva",2,,1,100,1,"N","N",,"condition OK","Y",,"Weiderholm, 1983; Weiderholm, 1986; Epler 2001; Ferrington et al. 2019; Andersen, Cranston and Epler 2013","N","Rhithron Associates, Inc.","R. Spring","iso",,
"007a4219-b380-478f-a39a-58105b996c01","D09","PRPO","PRPO.AOS.riparian.point.10","2019-05-02T13:48Z","2019-07-30","PRPO.20190502.BENTHICSWEEP.10","A00000084806",,"DASSP2","Y","Dasyhelea sp.",,"genus","Arthropoda","Hexapoda","Insecta","Pterygota","Neoptera","Holometabola","Diptera","Nematocera","Culicomorpha",,"Ceratopogonidae","Dasyheleinae",,,"Dasyhelea","sp.",,"larva",2,,1,100,1,"N","N",,"condition OK","Y",,"Merritt et al. 2019","N","Rhithron Associates, Inc.","J. Webb",,,
"948ae0a3-2876-4ecf-b409-1c67df8848c3","D09","PRPO","PRPO.AOS.littoral1","2019-05-02T13:48Z","2019-07-30","PRPO.20190502.PONAR.1","A00000084731",,"OSTSP","Y","Ostracoda sp.",,"class","Arthropoda","Crustacea","Ostracoda",,,,,,,,,,,,,"sp.",,"unknown",1,,27,100,27,"N","N",,"condition OK","Y",,"Thorp and Rogers 2016","N","Rhithron Associates, Inc.","B. Moore",,,
"b1d9bbc4-9f62-4a66-9667-e075c4352948","D09","PRPO","PRPO.AOS.littoral1","2019-05-02T13:48Z","2019-07-30","PRPO.20190502.PONAR.1","A00000084731","BA19NEOMLR01014O3|BA19NEOMLR01014O1|BA19NEOMLR01014O2","NAISP","Y","Naididae sp.",,"family","Annelida","Clitellata","Oligochaeta","Oligochaeta",,,"Tubificida",,,,"Naididae",,,,,"sp.",,"immature",5,,6,100,6,"Y","N",,"condition OK","N",,"Kathman and Brinkhurst, 1999","N","Rhithron Associates, Inc.","J. Webb","w/o hc",,
"9fde9e1c-b3cb-4e35-9596-ecd1b42798dd","D09","PRPO","PRPO.AOS.buoy.c0","2019-05-02T13:48Z","2019-07-30","PRPO.20190502.PONAR.3","A00000084744",,"CHISP8","Y","Chironomus sp.",,"genus","Arthropoda","Hexapoda","Insecta","Pterygota","Neoptera","Holometabola","Diptera","Nematocera","Culicomorpha",,"Chironomidae","Chironominae","Chironomini",,"Chironomus","sp.",,"larva",8,,8,100,8,"N","N",,"condition OK","Y",,"Weiderholm, 1983; Weiderholm, 1986; Epler 2001; Ferrington et al. 2019; Andersen, Cranston and Epler 2013","N","Rhithron Associates, Inc.","A. Fasbender",,,
"89207592-4446-46a9-844b-f54fc9c9d0bf","D09","PRPO","PRPO.AOS.riparian.point.02","2019-05-02T13:48Z","2019-07-30","PRPO.20190502.BENTHICSWEEP.2","A00000084825",,"DASSP2","Y","Dasyhelea sp.",,"genus","Arthropoda","Hexapoda","Insecta","Pterygota","Neoptera","Holometabola","Diptera","Nematocera","Culicomorpha",,"Ceratopogonidae","Dasyheleinae",,,"Dasyhelea","sp.",,"larva",1,,1,100,1,"N","N",,"condition OK","Y",,"Merritt et al. 2019","Y","Rhithron Associates, Inc.","J. Webb",,,
"68c775f6-6dd2-4d71-8ef1-d0698c482cdc","D09","PRPO","PRPO.AOS.riparian.point.10","2019-05-02T13:48Z","2019-07-30","PRPO.20190502.BENTHICSWEEP.10","A00000084806",,"CHISP8","Y","Chironomus sp.",,"genus","Arthropoda","Hexapoda","Insecta","Pterygota","Neoptera","Holometabola","Diptera","Nematocera","Culicomorpha",,"Chironomidae","Chironominae","Chironomini",,"Chironomus","sp.",,"larva",11,,1,100,1,"N","N",,"condition OK","Y",,"Weiderholm, 1983; Weiderholm, 1986; Epler 2001; Ferrington et al. 2019; Andersen, Cranston and Epler 2013","N","Rhithron Associates, Inc.","R. Spring","Reference Collection(1)",,
"fc1a31ce-3b41-43aa-9c21-a95e6a6e0228","D09","PRPO","PRPO.AOS.littoral2","2019-05-02T13:48Z","2019-07-30","PRPO.20190502.PONAR.2","A00000084729",,"CRYSP3","Y","Cryptotendipes sp.",,"genus","Arthropoda","Hexapoda","Insecta","Pterygota","Neoptera","Holometabola","Diptera","Nematocera","Culicomorpha",,"Chironomidae","Chironominae","Chironomini",,"Cryptotendipes","sp.",,"larva",2,,1,23,4,"N","N",,"condition OK","Y",,"Weiderholm, 1983; Weiderholm, 1986; Epler 2001; Ferrington et al. 2019; Andersen, Cranston and Epler 2013","N","Rhithron Associates, Inc.","A. Fasbender",,,
"a9f5cd39-7ff8-474b-9359-4fb81d5fea13","D09","PRPO","PRPO.AOS.littoral1","2019-05-02T13:48Z","2019-07-30","PRPO.20190502.PONAR.1","A00000084731",,"CLASP5","Y","Cladopelma sp.",,"genus","Arthropoda","Hexapoda","Insecta","Pterygota","Neoptera","Holometabola","Diptera","Nematocera","Culicomorpha",,"Chironomidae","Chironominae","Chironomini",,"Cladopelma","sp.",,"larva",1,,2,100,2,"N","N",,"condition OK","Y",,"Weiderholm, 1983; Weiderholm, 1986; Epler 2001; Ferrington et al. 2019; Andersen, Cranston and Epler 2013","N","Rhithron Associates, Inc.","A. Fasbender","Reference Collection(1)",,
"8ca0bf9a-64e3-4cdb-8c56-8401f82f9532","D09","PRPO","PRPO.AOS.littoral2","2019-05-02T13:48Z","2019-07-30","PRPO.20190502.PONAR.2","A00000084729","BA19NEOMLR01015O2|BA19NEOMLR01015O1","NAISP","Y","Naididae sp.",,"family","Annelida","Clitellata","Oligochaeta","Oligochaeta",,,"Tubificida",,,,"Naididae",,,,,"sp.",,"immature",12,,1,23,4,"Y","N",,"condition OK","Y",,"Kathman and Brinkhurst, 1999","N","Rhithron Associates, Inc.","J. Webb","w/o hc",,
"7adda357-b23e-4a81-af35-0a8733c04868","D09","PRPO","PRPO.AOS.littoral2","2019-05-02T13:48Z","2019-07-30","PRPO.20190502.PONAR.2","A00000084729","BA19NEOMLR01015O1|BA19NEOMLR01015O2","NAISP","Y","Naididae sp.",,"family","Annelida","Clitellata","Oligochaeta","Oligochaeta",,,"Tubificida",,,,"Naididae",,,,,"sp.",,"immature",10,,2,23,9,"Y","N",,"condition OK","Y",,"Kathman and Brinkhurst, 1999","N","Rhithron Associates, Inc.","J. Webb","w/o hc",,
"61559159-db30-4718-a33f-99bc203672f8","D09","PRPO","PRPO.AOS.littoral1","2019-05-02T13:48Z","2019-07-30","PRPO.20190502.PONAR.1","A00000084731",,"CRYSP2","Y","Cryptochironomus sp.",,"genus","Arthropoda","Hexapoda","Insecta","Pterygota","Neoptera","Holometabola","Diptera","Nematocera","Culicomorpha",,"Chironomidae","Chironominae","Chironomini",,"Cryptochironomus","sp.",,"larva",4,,1,100,1,"N","N",,"condition OK","Y",,"Weiderholm, 1983; Weiderholm, 1986; Epler 2001; Ferrington et al. 2019; Andersen, Cranston and Epler 2013","N","Rhithron Associates, Inc.","A. Fasbender",,,
"a233fb58-6bd0-4c02-b778-10621a8e62c5","D09","PRPO","PRPO.AOS.littoral1","2019-05-02T13:48Z","2019-07-30","PRPO.20190502.PONAR.1","A00000084731",,"POLHAL","Y","Polypedilum halterale gr.",,"speciesGroup","Arthropoda","Hexapoda","Insecta","Pterygota","Neoptera","Holometabola","Diptera","Nematocera","Culicomorpha",,"Chironomidae","Chironominae","Chironomini",,"Polypedilum","halterale gr.",,"larva",4,,1,100,1,"N","N",,"condition OK","Y",,"Weiderholm, 1983; Weiderholm, 1986; Epler 2001; Ferrington et al. 2008; Andersen, Cranston and Epler 2016","N","Rhithron Associates, Inc.","A. Fasbender",,,
"81ee304a-a66c-4de4-86fa-a05762841fc0","D09","PRPO","PRPO.AOS.littoral1","2019-05-02T13:48Z","2019-07-30","PRPO.20190502.PONAR.1","A00000084731",,"CLASP6","Y","Cladotanytarsus sp.",,"genus","Arthropoda","Hexapoda","Insecta","Pterygota","Neoptera","Holometabola","Diptera","Nematocera","Culicomorpha",,"Chironomidae","Chironominae","Tanytarsini",,"Cladotanytarsus","sp.",,"larva",3,,10,100,10,"N","N",,"condition OK","Y",,"Weiderholm, 1983; Weiderholm, 1986; Epler 2001; Ferrington et al. 2019; Andersen, Cranston and Epler 2013","N","Rhithron Associates, Inc.","A. Fasbender",,,
"70e760a2-617f-4adb-a60a-0d2fdd20e0b3","D09","PRPO","PRPO.AOS.littoral2","2019-05-02T13:48Z","2019-07-30","PRPO.20190502.PONAR.2","A00000084729","BA19NEOMLR01015O1|BA19NEOMLR01015O2","NAISP","Y","Naididae sp.",,"family","Annelida","Clitellata","Oligochaeta","Oligochaeta",,,"Tubificida",,,,"Naididae",,,,,"sp.",,"immature",7,,1,23,4,"Y","N",,"condition OK","Y",,"Kathman and Brinkhurst, 1999","N","Rhithron Associates, Inc.","J. Webb","w/o hc",,
"a876d658-fe7a-4519-a5ce-68dc2aac19ee","D09","PRPO","PRPO.AOS.riparian.point.08","2019-05-02T13:48Z","2019-07-30","PRPO.20190502.BENTHICSWEEP.8","A00000084804",,"TRISP14","Y","Trichocorixa sp.",,"genus","Arthropoda","Hexapoda","Insecta","Pterygota","Neoptera","Paraneoptera","Hemiptera","Heteroptera","Nepomorpha","Corixoidea","Corixidae","Corixinae",,,"Trichocorixa","sp.",,"adult",5,,2,100,2,"N","N",,"condition OK","Y",,"Merritt et al. 2019","N","Rhithron Associates, Inc.","B. Moore",,,
"18f5cb95-be85-4b4e-956f-aec1887e1e6d","D09","PRPO","PRPO.AOS.littoral2","2019-05-02T13:48Z","2019-07-30","PRPO.20190502.PONAR.2","A00000084729","BA19NEOMLR01015O2|BA19NEOMLR01015O1","NAISP","Y","Naididae sp.",,"family","Annelida","Clitellata","Oligochaeta","Oligochaeta",,,"Tubificida",,,,"Naididae",,,,,"sp.",,"immature",6,,4,23,17,"Y","N",,"condition OK","Y",,"Kathman and Brinkhurst, 1999","N","Rhithron Associates, Inc.","J. Webb","w/o hc",,
"f6f2f024-6b47-492d-b789-dea3cbf8fb52","D09","PRPO","PRPO.AOS.riparian.point.08","2019-05-02T13:48Z","2019-07-30","PRPO.20190502.BENTHICSWEEP.8","A00000084804",,"CLASP6","Y","Cladotanytarsus sp.",,"genus","Arthropoda","Hexapoda","Insecta","Pterygota","Neoptera","Holometabola","Diptera","Nematocera","Culicomorpha",,"Chironomidae","Chironominae","Tanytarsini",,"Cladotanytarsus","sp.",,"larva",2,,1,100,1,"N","N",,"condition OK","Y",,"Weiderholm, 1983; Weiderholm, 1986; Epler 2001; Ferrington et al. 2019; Andersen, Cranston and Epler 2013","N","Rhithron Associates, Inc.","B. Hayford",,,
"2f8b4399-246c-4dfa-82a4-692b5a0a07fe","D09","PRPO","PRPO.AOS.riparian.point.10","2019-05-02T13:48Z","2019-07-30","PRPO.20190502.BENTHICSWEEP.10","A00000084806",,"CLASP6","Y","Cladotanytarsus sp.",,"genus","Arthropoda","Hexapoda","Insecta","Pterygota","Neoptera","Holometabola","Diptera","Nematocera","Culicomorpha",,"Chironomidae","Chironominae","Tanytarsini",,"Cladotanytarsus","sp.",,"larva",2,,4,100,4,"N","N",,"condition OK","Y",,"Weiderholm, 1983; Weiderholm, 1986; Epler 2001; Ferrington et al. 2019; Andersen, Cranston and Epler 2013","N","Rhithron Associates, Inc.","R. Spring",,,
"f567c2f1-c20e-42cd-8f00-5e9815cd98a5","D09","PRPO","PRPO.AOS.littoral2","2019-05-02T13:48Z","2019-07-30","PRPO.20190502.PONAR.2","A00000084729",,"CLASP5","Y","Cladopelma sp.",,"genus","Arthropoda","Hexapoda","Insecta","Pterygota","Neoptera","Holometabola","Diptera","Nematocera","Culicomorpha",,"Chironomidae","Chironominae","Chironomini",,"Cladopelma","sp.",,"larva",4,,2,23,9,"N","N",,"condition OK","Y",,"Weiderholm, 1983; Weiderholm, 1986; Epler 2001; Ferrington et al. 2019; Andersen, Cranston and Epler 2013","N","Rhithron Associates, Inc.","A. Fasbender",,,
"296fbb87-a6ce-4d19-85da-08a8a132140b","D09","PRPO","PRPO.AOS.riparian.point.06","2019-05-02T13:48Z","2019-07-30","PRPO.20190502.BENTHICSWEEP.6","A00000084821",,"CRISP2","Y","Cricotopus sp.",,"genus","Arthropoda","Hexapoda","Insecta","Pterygota","Neoptera","Holometabola","Diptera","Nematocera","Culicomorpha",,"Chironomidae","Orthocladiinae",,,"Cricotopus","sp.",,"larva",2,,1,100,1,"N","N",,"condition OK","Y",,"Weiderholm, 1983; Weiderholm, 1986; Epler 2001; Ferrington et al. 2019; Andersen, Cranston and Epler 2013","N","Rhithron Associates, Inc.","R. Spring","iso",,
"6d7a0575-0194-4ee4-8d84-5d8739adbfc8","D09","PRPO","PRPO.AOS.littoral2","2019-05-02T13:48Z","2019-07-30","PRPO.20190502.PONAR.2","A00000084729",,"POLHAL","Y","Polypedilum halterale gr.",,"speciesGroup","Arthropoda","Hexapoda","Insecta","Pterygota","Neoptera","Holometabola","Diptera","Nematocera","Culicomorpha",,"Chironomidae","Chironominae","Chironomini",,"Polypedilum","halterale gr.",,"larva",3,,2,23,9,"N","N",,"condition OK","Y",,"Weiderholm, 1983; Weiderholm, 1986; Epler 2001; Ferrington et al. 2008; Andersen, Cranston and Epler 2016","N","Rhithron Associates, Inc.","A. Fasbender",,,
"1e484216-1114-46fa-b2a5-32af503ae351","D09","PRPO","PRPO.AOS.riparian.point.10","2019-05-02T13:48Z","2019-07-30","PRPO.20190502.BENTHICSWEEP.10","A00000084806",,"CERSP10","Y","Ceratopogoninae sp.",,"subfamily","Arthropoda","Hexapoda","Insecta","Pterygota","Neoptera","Holometabola","Diptera","Nematocera","Culicomorpha",,"Ceratopogonidae","Ceratopogoninae",,,,"sp.",,"larva",6,,1,100,1,"N","N",,"condition OK","Y",,"Merritt et al. 2019","N","Rhithron Associates, Inc.","J. Webb",,,
"b432adeb-bd73-47a4-9d3c-96c37e2bdcde","D09","PRPO","PRPO.AOS.riparian.point.05","2019-05-02T13:48Z","2019-07-30","PRPO.20190502.BENTHICSWEEP.5","A00000084803",,"GAMSP3","Y","Gammarus sp.",,"genus","Arthropoda","Crustacea","Malacostraca","Eumalacostraca",,"Peracarida","Amphipoda","Gammaridea",,,"Gammaridae",,,,"Gammarus","sp.",,"unknown",11,,2,100,2,"N","N",,"condition OK","Y",,"Thorp and Rogers 2016","N","Rhithron Associates, Inc.","J. Webb",,,
"16fddfe1-3539-4569-b2dd-a9a62672d778","D09","PRPO","PRPO.AOS.buoy.c0","2019-05-02T13:48Z","2019-07-30","PRPO.20190502.PONAR.3","A00000084744",,"CHISP8","Y","Chironomus sp.",,"genus","Arthropoda","Hexapoda","Insecta","Pterygota","Neoptera","Holometabola","Diptera","Nematocera","Culicomorpha",,"Chironomidae","Chironominae","Chironomini",,"Chironomus","sp.",,"larva",5,,1,100,1,"N","N",,"condition OK","Y",,"Weiderholm, 1983; Weiderholm, 1986; Epler 2001; Ferrington et al. 2019; Andersen, Cranston and Epler 2013","N","Rhithron Associates, Inc.","A. Fasbender",,,
"9483ea53-dbaf-4c0e-b9aa-1b364197cc3e","D09","PRPO","PRPO.AOS.littoral1","2019-05-02T13:48Z","2019-07-30","PRPO.20190502.PONAR.1","A00000084731","BA19NEOMLR01014O1|BA19NEOMLR01014O3|BA19NEOMLR01014O2","NAISP","Y","Naididae sp.",,"family","Annelida","Clitellata","Oligochaeta","Oligochaeta",,,"Tubificida",,,,"Naididae",,,,,"sp.",,"immature",10,,2,100,2,"Y","N",,"condition OK","N",,"Kathman and Brinkhurst, 1999","N","Rhithron Associates, Inc.","J. Webb","w/o hc",,
"4dd5ddad-3f8d-446a-9c84-f946e67b8eff","D09","PRPO","PRPO.AOS.littoral2","2019-05-02T13:48Z","2019-07-30","PRPO.20190502.PONAR.2","A00000084729","BA19NEOMLR01015O1|BA19NEOMLR01015O2","NAISP","Y","Naididae sp.",,"family","Annelida","Clitellata","Oligochaeta","Oligochaeta",,,"Tubificida",,,,"Naididae",,,,,"sp.",,"immature",3,,2,23,9,"Y","N",,"condition OK","Y",,"Kathman and Brinkhurst, 1999","N","Rhithron Associates, Inc.","J. Webb","w/o hc",,
"ab1ecaec-4781-4c8d-aa1b-fad879df8b86","D09","PRPO","PRPO.AOS.riparian.point.02","2019-05-02T13:48Z","2019-07-30","PRPO.20190502.BENTHICSWEEP.2","A00000084825",,"CLASP6","Y","Cladotanytarsus sp.",,"genus","Arthropoda","Hexapoda","Insecta","Pterygota","Neoptera","Holometabola","Diptera","Nematocera","Culicomorpha",,"Chironomidae","Chironominae","Tanytarsini",,"Cladotanytarsus","sp.",,"larva",3,,1,100,1,"N","N",,"condition OK","Y",,"Weiderholm, 1983; Weiderholm, 1986; Epler 2001; Ferrington et al. 2019; Andersen, Cranston and Epler 2013","Y","Rhithron Associates, Inc.","R. Spring",,,
"9360cb76-1810-49e2-a10b-8de70ed71c8d","D09","PRPO","PRPO.AOS.buoy.c0","2019-05-02T13:48Z","2019-07-30","PRPO.20190502.PONAR.3","A00000084744",,"CHISP6","Y","Chironomini sp.",,"tribe","Arthropoda","Hexapoda","Insecta","Pterygota","Neoptera","Holometabola","Diptera","Nematocera","Culicomorpha",,"Chironomidae","Chironominae","Chironomini",,,"sp.",,"larva",4,,1,100,1,"N","N","damaged","damaged, affecting taxonomy and measurement","N",,"Weiderholm, 1983; Weiderholm, 1986; Epler 2001; Ferrington et al. 2019; Andersen, Cranston and Epler 2013","N","Rhithron Associates, Inc.","A. Fasbender",,,
"e864a0fe-cb5a-49bd-9796-6a206c09d2fc","D09","PRPO","PRPO.AOS.littoral1","2019-05-02T13:48Z","2019-07-30","PRPO.20190502.PONAR.1","A00000084731","BA19NEOMLR01014O3|BA19NEOMLR01014O1|BA19NEOMLR01014O2","NAISP","Y","Naididae sp.",,"family","Annelida","Clitellata","Oligochaeta","Oligochaeta",,,"Tubificida",,,,"Naididae",,,,,"sp.",,"immature",4,,4,100,4,"Y","N",,"condition OK","N",,"Kathman and Brinkhurst, 1999","N","Rhithron Associates, Inc.","J. Webb","w/o hc",,
"cd18ce45-c5e4-457c-9421-eda5dff41c6c","D09","PRPO","PRPO.AOS.buoy.c0","2019-05-02T13:48Z","2019-07-30","PRPO.20190502.PONAR.3","A00000084744",,"CHISP8","Y","Chironomus sp.",,"genus","Arthropoda","Hexapoda","Insecta","Pterygota","Neoptera","Holometabola","Diptera","Nematocera","Culicomorpha",,"Chironomidae","Chironominae","Chironomini",,"Chironomus","sp.",,"larva",6,,4,100,4,"N","N",,"condition OK","Y",,"Weiderholm, 1983; Weiderholm, 1986; Epler 2001; Ferrington et al. 2019; Andersen, Cranston and Epler 2013","N","Rhithron Associates, Inc.","A. Fasbender",,,
"e8acb819-65ac-4c6d-b476-44dbe356e67e","D09","PRPO","PRPO.AOS.riparian.point.06","2019-05-02T13:48Z","2019-07-30","PRPO.20190502.BENTHICSWEEP.6","A00000084821",,"SIGSP2","Y","Sigara sp.",,"genus","Arthropoda","Hexapoda","Insecta","Pterygota","Neoptera","Paraneoptera","Hemiptera","Heteroptera","Nepomorpha","Corixoidea","Corixidae","Corixinae",,,"Sigara","sp.",,"adult",6,,1,100,1,"N","N",,"condition OK","Y",,"Merritt et al. 2019","N","Rhithron Associates, Inc.","J. Webb","Reference Collection(1)",,
